Tool,Title,Author,Year,Affiliation,Abstract,Journal
GROBID,1,1,0.092702953,0.954869359,1,0
Docsplit,0,0,0,0,0,0
Svm-Header-Parse,0.011664541,0.003597633,0.938948484,0.000950119,0.000916465,0
Mendeley Desktop,0.011664541,0.003597633,0.938948484,0.016152019,0,0.000471004
cb2Bib,0,0.009500592,0.735399285,0.003800475,0,0.000250354
CERMINE,0.955357143,0.646153846,0.225135744,1,0.033898305,1
ParsCit,0.00665051,0.006390533,1,0,4.72E-05,0
